cod_agencia_id,product_id,product_description,date,ajuste,safety_stock,inventario,unit_01,envio_01,unit_02,envio_02,Pedido,Cupo,Tinas
14462,536,MOLDE BLANCO TRADICIONAL 500G SUP_536,2019-03-26,3091,2171,1526,4331,4730,2222,1020,4539,10,454
14463,536,MOLDE BLANCO TRADICIONAL 500G SUP_536,2019-03-26,164,181,240,2000,2960,2300,2310,0,10,0
14462,2546,MOLDE CHOCOCACAO 500G BAU_2546,2019-03-26,10,14,125,44,0,16,0,0,12,0
14463,2546,MOLDE CHOCOCACAO 500G BAU_2546,2019-03-26,4,6,66,18,0,0,0,0,12,0
14462,3780,BIRI BIRI PACK 3P 120G MLA_3780,2019-03-26,0,0,0,0,0,0,0,0,36,0
14463,3780,BIRI BIRI PACK 3P 120G MLA_3780,2019-03-26,0,0,0,0,0,0,0,0,36,0
14462,29469,MOLDE BRIOCHE 580G GRI,2019-03-26,83,50,6,203,210,47,70,97,10,10
14463,29469,MOLDE BRIOCHE 580G GRI,2019-03-26,0,13,120,0,0,0,0,0,10,0
14462,29470,MOLDE SIN CORTEZA 450G GRI,2019-03-26,94,73,5,201,180,101,180,104,10,10
14463,29470,MOLDE SIN CORTEZA 450G GRI,2019-03-26,17,16,31,60,60,50,40,12,10,1
14462,29471,MOLDE GIGANTE 800G REY,2019-03-26,1,0,8,9,8,2,0,0,8,0
14463,29471,MOLDE GIGANTE 800G REY,2019-03-26,0,0,0,0,0,0,0,0,8,0
14462,29473,MOLDE BLANCO 500G SUP,2019-03-26,1257,831,643,2057,2170,1233,910,1655,10,166
14463,29473,MOLDE BLANCO 500G SUP,2019-03-26,479,471,574,700,0,1000,350,1726,10,173
14462,29479,MOLDE INTEGRAL 700G SUP,2019-03-26,205,142,137,343,330,183,160,246,10,25
14463,29479,MOLDE INTEGRAL 700G SUP,2019-03-26,34,29,55,60,80,70,20,38,10,4
14462,29481,MOLDE 9 CEREALES 500G BAU,2019-03-26,179,162,186,400,228,203,252,278,12,23
14463,29481,MOLDE 9 CEREALES 500G BAU,2019-03-26,100,31,31,100,144,60,0,116,12,10
14462,29482,MOLDE MIEL Y GRANOLA 500G BAU,2019-03-26,5,7,0,3,24,4,0,0,12,0
14463,29482,MOLDE MIEL Y GRANOLA 500G BAU,2019-03-26,6,5,0,50,48,30,12,31,12,3
14462,29483,MOLDE YOGURT Y ALMENDRAS 500G BAU,2019-03-26,112,86,0,175,180,108,252,49,12,4
14463,29483,MOLDE YOGURT Y ALMENDRAS 500G BAU,2019-03-26,18,20,0,51,96,37,0,30,12,3
14462,29484,MOLDE 9 CEREALES 680G BAU,2019-03-26,7,6,20,18,0,4,20,0,10,0
14463,29484,MOLDE 9 CEREALES 680G BAU,2019-03-26,6,5,20,20,10,20,20,1,10,0
14462,29485,MOLDE MIEL Y GRANOLA 680G BAU,2019-03-26,0,0,0,0,0,0,0,0,10,0
14463,29485,MOLDE MIEL Y GRANOLA 680G BAU,2019-03-26,0,0,0,0,0,0,0,0,10,0
14462,29486,MOLDE YOGURT Y ALMENDRAS 680G BAU,2019-03-26,4,0,55,22,10,3,10,0,10,0
14463,29486,MOLDE YOGURT Y ALMENDRAS 680G BAU,2019-03-26,6,5,40,12,0,10,20,0,10,0
14462,29487,MOLDE AVENA Y NUECES 650G BAU,2019-03-26,7,6,71,11,0,4,10,0,10,0
14463,29487,MOLDE AVENA Y NUECES 650G BAU,2019-03-26,0,3,24,20,20,20,10,0,10,0
14462,29489,HAMBURGUESA JUMBO12P 1140G SUP_29489,2019-03-26,367,283,484,692,725,285,0,418,5,84
14463,29489,HAMBURGUESA JUMBO12P 1140G SUP_29489,2019-03-26,150,37,398,200,80,0,0,0,5,0
14462,29490,SUPER HOT DOG 8P 600G SUP,2019-03-26,333,277,292,611,714,350,252,313,6,52
14463,29490,SUPER HOT DOG 8P 600G SUP,2019-03-26,58,72,48,100,66,100,162,54,6,9
14462,29491,SUPER HAMBURGUESA 8P 520G SUP,2019-03-26,262,228,596,413,348,301,312,0,6,0
14463,29491,SUPER HAMBURGUESA 8P 520G SUP,2019-03-26,39,34,188,150,174,100,126,0,6,0
14462,29494,HAMBURGUESA 8P 400G SUP,2019-03-26,13,7,36,37,45,4,0,0,9,0
14463,29494,HAMBURGUESA 8P 400G SUP,2019-03-26,2,0,18,20,18,2,9,0,9,0
14462,29495,HOT DOG 8P 320G SUP,2019-03-26,45,35,187,150,121,37,22,0,11,0
14463,29495,HOT DOG 8P 320G SUP,2019-03-26,100,27,158,100,154,100,44,0,11,0
14462,29497,SUPER HOT DOG 8P 600G REY,2019-03-26,186,187,324,445,540,180,42,92,6,15
14463,29497,SUPER HOT DOG 8P 600G REY,2019-03-26,12,12,23,50,30,50,0,71,6,12
14462,29499,SUPER HAMBURGUESA 12P 800G REY,2019-03-26,117,103,37,256,305,111,50,195,5,39
14463,29499,SUPER HAMBURGUESA 12P 800G REY,2019-03-26,12,17,320,150,95,0,0,0,5,0
14462,29502,BRIOLLO 8P 240G PNL,2019-03-26,152,113,178,423,465,127,0,172,15,11
14463,29502,BRIOLLO 8P 240G PNL,2019-03-26,250,47,167,225,210,225,165,205,15,14
14462,29516,SUPER HAMBURGUESA CLUB 8P 648G SUP,2019-03-26,0,0,3,0,0,1,0,0,3,0
14463,29519,DULZONES CHOCOLATE 12P 360G SUP,2019-03-26,0,0,0,0,0,0,0,0,12,0
14462,29521,DULZONES CHOCOLATE 2P 60G SUP,2019-03-26,0,0,0,0,0,0,0,0,44,0
14462,29525,SUBMAR RELLENO/CREMA VAINILLA 1P 27G MLA_29525,2019-03-26,0,0,0,0,0,0,0,0,75,0
14463,29525,SUBMAR RELLENO/CREMA VAINILLA 1P 27G MLA_29525,2019-03-26,0,0,0,0,0,0,0,0,75,0
14462,29526,ROSQUITAS LLANERAS 200G SUP,2019-03-26,161,113,115,327,336,97,84,163,12,14
14463,29526,ROSQUITAS LLANERAS 200G SUP,2019-03-26,45,25,1,200,72,60,108,149,12,12
14462,29527,ROSQUITAS TRENZADAS 200G SUP,2019-03-26,141,99,101,248,252,103,108,130,12,11
14463,29527,ROSQUITAS TRENZADAS 200G SUP,2019-03-26,34,20,43,200,216,60,0,55,12,5
14462,29528,ROSQUITAS TRENZADAS 80G SUP,2019-03-26,0,0,0,0,0,0,0,0,,0
14462,29530,MINI ROSQUITAS NATURALES 50G SUP,2019-03-26,295,261,893,694,660,335,60,0,60,0
14463,29530,MINI ROSQUITAS NATURALES 50G SUP,2019-03-26,39,39,379,360,720,62,0,0,60,0
14462,29532,SALMAS EC 140G EXP SAN_29532,2019-03-26,15,9,38,30,0,15,28,3,28,0
14463,29532,SALMAS EC 140G EXP SAN_29532,2019-03-26,0,0,41,0,0,0,0,0,28,0
14462,29533,MINI ROSQUITAS INTEGRALES 50G SUP,2019-03-26,272,227,238,587,540,313,360,261,60,4
14463,29533,MINI ROSQUITAS INTEGRALES 50G SUP,2019-03-26,30,33,391,360,600,100,0,0,60,0
14462,29534,BIMBOLETES VAINILLA 2P 70G BIM_29534,2019-03-26,483,329,20,708,720,403,840,343,40,9
14463,29534,BIMBOLETES VAINILLA 2P 70G BIM_29534,2019-03-26,130,79,392,400,400,600,600,0,40,0
14462,29536,BIMBOLETES GOTAS CHOCOLATE 2P 70G BIM_29536,2019-03-26,608,404,5,894,1040,514,1080,295,40,7
14463,29536,BIMBOLETES GOTAS CHOCOLATE 2P 70G BIM_29536,2019-03-26,202,106,321,400,400,600,640,0,40,0
14462,29537,PAN DULCE 16P 500G DPY BIM_29537,2019-03-26,0,0,0,0,0,0,0,0,8,0
14463,29537,PAN DULCE 16P 500G DPY BIM_29537,2019-03-26,0,0,0,0,0,0,0,0,8,0
14462,29538,SUBMARINOS SUMERGIDO 2P 54G MLA_29538,2019-03-26,0,0,0,0,0,0,0,0,35,0
14463,29538,SUBMARINOS SUMERGIDO 2P 54G MLA_29538,2019-03-26,0,0,0,0,0,0,0,0,35,0
14462,29539,SUBMARINO RELLENO/CREMA CHOC 1P 27G MLA_29539,2019-03-26,0,0,0,0,0,0,0,0,75,0
14463,29539,SUBMARINO RELLENO/CREMA CHOC 1P 27G MLA_29539,2019-03-26,0,0,0,0,0,0,0,0,75,0
14462,29540,SUBMAR RELL/CREMA MANJARLECHE 1P 27G MLA_29540,2019-03-26,0,0,0,0,0,0,0,0,75,0
14463,29540,SUBMAR RELL/CREMA MANJARLECHE 1P 27G MLA_29540,2019-03-26,0,0,0,0,0,0,0,0,75,0
14462,29541,MINI TOSTADAS NATURALES 120G GRI,2019-03-26,41,40,291,118,144,64,0,0,24,0
14463,29541,MINI TOSTADAS NATURALES 120G GRI,2019-03-26,17,14,168,60,0,100,48,0,24,0
14462,29542,MINI TOSTADAS NATURALES 40G GRI,2019-03-26,91,69,660,212,150,87,0,0,30,0
14463,29542,MINI TOSTADAS NATURALES 40G GRI,2019-03-26,9,12,192,200,210,100,0,0,30,0
14462,29543,MINI TOSTADAS FRANCESAS 120G GRI,2019-03-26,37,40,240,147,144,64,0,0,24,0
14463,29543,MINI TOSTADAS FRANCESAS 120G GRI,2019-03-26,17,0,11,17,72,100,96,0,24,0
14462,29544,MINI TOSTADAS FRANCESAS 40G GRI,2019-03-26,106,77,747,238,180,110,0,0,30,0
14463,29544,MINI TOSTADAS FRANCESAS 40G GRI,2019-03-26,15,15,146,200,210,100,0,0,30,0
14462,29546,TOSTADAS FRANCESAS 4P 30G GRI,2019-03-26,25,16,266,41,0,29,0,0,90,0
14463,29546,TOSTADAS FRANCESAS 4P 30G GRI,2019-03-26,0,0,450,0,0,0,0,0,90,0
14462,29547,SUBMARINOS SUMERGIDO 27G MLA_29547,2019-03-26,0,0,0,0,0,0,0,0,75,0
14463,29547,SUBMARINOS SUMERGIDO 27G MLA_29547,2019-03-26,0,0,0,0,0,0,0,0,75,0
14462,29548,MINI TOSTADAS INTEGRALES 120G GRI,2019-03-26,62,54,361,182,96,82,0,0,24,0
14463,29548,MINI TOSTADAS INTEGRALES 120G GRI,2019-03-26,33,17,117,60,0,100,48,45,24,2
14462,29549,MINI TOSTADAS INTEGRALES 40G GRI,2019-03-26,120,82,870,209,180,137,0,0,30,0
14463,29549,MINI TOSTADAS INTEGRALES 40G GRI,2019-03-26,13,17,117,200,240,100,0,0,30,0
14462,29551,TOSTADAS NATURALES 16P 100G GRI,2019-03-26,0,0,0,0,0,1,0,1,34,0
14463,29551,TOSTADAS NATURALES 16P 100G GRI,2019-03-26,0,0,0,0,0,0,0,0,34,0
14462,29552,TOSTADAS DIETA 16P 100G GRI,2019-03-26,0,0,0,2,0,2,0,4,34,0
14463,29552,TOSTADAS DIETA 16P 100G GRI,2019-03-26,0,0,34,0,0,0,0,0,34,0
14462,29553,TOSTADAS FRANCESAS 16P 120G GRI,2019-03-26,0,0,340,0,0,11,0,0,34,0
14463,29553,TOSTADAS FRANCESAS 16P 120G GRI,2019-03-26,0,0,0,0,0,0,0,0,34,0
14462,29554,TOSTADAS INTEGRALES 16P 100G GRI,2019-03-26,124,0,9593,1,0,54,0,0,34,0
14463,29554,TOSTADAS INTEGRALES 16P 100G GRI,2019-03-26,35,0,5116,0,0,21,0,0,34,0
14462,29556,APANADURA 500G GRI,2019-03-26,430,272,449,875,960,311,140,339,20,17
14463,29556,APANADURA 500G GRI,2019-03-26,95,68,137,0,0,94,0,120,20,6
14462,29557,APANADURA 250G BIM,2019-03-26,781,504,769,1123,1080,663,540,682,30,23
14463,29557,APANADURA 250G BIM,2019-03-26,500,89,122,450,660,450,150,557,30,19
14462,29558,APANADURA DORADA 150G SUP,2019-03-26,591,270,390,793,780,538,420,602,60,10
14463,29558,APANADURA DORADA 150G SUP,2019-03-26,900,45,3,1000,1620,1000,900,422,60,7
14462,29559,APANADURA GRANEL 23KG SUP,2019-03-26,25,13,97,92,81,8,5,0,1,0
14463,29559,APANADURA GRANEL 23KG SUP,2019-03-26,1,0,49,30,0,2,0,0,1,0
14462,29562,DULZON CHOCOMANJAR 380G SUP,2019-03-26,0,0,0,0,0,0,0,0,12,0
14462,29564,CHOCONUT 450G GRI,2019-03-26,1,0,0,3,0,2,0,6,16,0
14463,29564,CHOCONUT 450G GRI,2019-03-26,0,0,0,0,0,0,0,0,16,0
14462,29565,PASCUA 750G SUP,2019-03-26,0,0,0,1,0,0,0,1,12,0
14463,29565,PASCUA 750G SUP,2019-03-26,0,0,0,0,0,0,0,0,12,0
14462,29567,PASCUA 450G SUP,2019-03-26,2,0,0,3,0,10,16,0,16,0
14463,29567,PASCUA 450G SUP,2019-03-26,0,0,0,0,0,0,0,0,16,0
14462,29568,PETIPAN MANZANA Y CANELA 60G SUP,2019-03-26,0,0,0,9,0,0,0,9,56,0
14463,29568,PETIPAN MANZANA Y CANELA 60G SUP,2019-03-26,0,0,0,0,0,0,0,0,56,0
14462,31297,MOLDE 100PCTINTEGRAL SN CORTEZA 450G BIM_31297,2019-03-26,1,0,20,4,0,0,0,0,10,0
14462,32497,BIRI BIRI 2P 80G MLA_32497,2019-03-26,2267,1064,4929,3151,0,2395,0,3948,48,82
14463,32497,BIRI BIRI 2P 80G MLA_32497,2019-03-26,1800,297,2146,1800,1152,1800,1152,1247,48,26
14462,33288,SUBMARINOS MIX 540G CJ MLA_33288,2019-03-26,0,0,0,0,0,0,0,0,10,0
14463,33288,SUBMARINOS MIX 540G CJ MLA_33288,2019-03-26,0,0,0,0,0,0,0,0,10,0
14462,39723,TORTILLINAS CLASICAS 10P 250G BIM_39723,2019-03-26,382,179,401,633,675,157,297,0,27,0
14463,39723,TORTILLINAS CLASICAS 10P 250G BIM_39723,2019-03-26,0,74,1052,0,0,0,0,0,27,0
14462,39724,TORTILLINAS INTEGRALES 10P 250G BIM_39724,2019-03-26,133,72,472,195,0,49,0,0,27,0
14463,39724,TORTILLINAS INTEGRALES 10P 250G BIM_39724,2019-03-26,0,23,406,0,0,0,0,0,27,0
14462,40264,ARTESANO DE MESA 240G BIM_40264,2019-03-26,49,32,58,66,135,60,0,14,15,1
14463,40264,ARTESANO DE MESA 240G BIM_40264,2019-03-26,17,12,120,50,0,19,0,0,15,0
14462,40265,APANADURA DORADA 1KG SUP_40265,2019-03-26,14,0,0,18,20,8,10,10,10,1
14463,40265,APANADURA DORADA 1KG SUP_40265,2019-03-26,0,0,0,0,10,4,0,0,10,0
14462,40622,CAJILLA PAN DULCE 13P 415G DPY BIM_40622,2019-03-26,0,0,0,0,0,0,0,0,9,0
14462,40916,SUBMARINO RELLENO/CREMA CHOC 1P 33G MLA_40916,2019-03-26,0,0,0,0,0,0,0,0,75,0
14462,40949,ROSQUITAS INTEGRALES 200G SUP_40949,2019-03-26,149,105,484,284,276,135,0,0,12,0
14463,40949,ROSQUITAS INTEGRALES 200G SUP_40949,2019-03-26,36,24,79,200,240,100,48,0,12,0
14463,40959,SUBMARINO RELLENO/CREMA CHOC 2P 66G MLA_40959,2019-03-26,0,0,0,0,0,0,0,0,35,0
14462,41623,BIMBOLETE SABOR VAINILLA 2P 55G BIM_41623,2019-03-26,0,0,0,0,0,0,0,0,40,0
14462,41625,BIMBOLETE GOTAS CHOCOLATE 2P 50G BIM_41625,2019-03-26,0,0,0,0,0,0,0,0,40,0
14463,41625,BIMBOLETE GOTAS CHOCOLATE 2P 50G BIM_41625,2019-03-26,0,0,0,0,0,0,0,0,40,0
14462,41628,KEKE CASERO VAINILLA 230G BIM_41628,2019-03-26,36,27,2,76,48,20,96,13,16,1
14463,41628,KEKE CASERO VAINILLA 230G BIM_41628,2019-03-26,0,5,1,0,0,0,0,4,16,0
14462,41684,MOLDE SANDUCHERO 800G SUP_41684,2019-03-26,80,76,82,297,344,81,32,76,8,10
14463,41684,MOLDE SANDUCHERO 800G SUP_41684,2019-03-26,15,21,15,70,0,70,88,73,8,9
14462,41685,MOLDE ACTILECHE SN CORTEZA 450G BIM_41685,2019-03-26,140,107,10,355,370,141,280,83,10,8
14463,41685,MOLDE ACTILECHE SN CORTEZA 450G BIM_41685,2019-03-26,34,36,6,90,130,80,80,24,10,2
14462,41687,BIMDOG 8P 320G BIM_41687,2019-03-26,126,95,84,285,360,112,48,126,12,11
14463,41687,BIMDOG 8P 320G BIM_41687,2019-03-26,48,38,64,100,0,100,96,126,12,11
14462,41688,BIMBURGER 4P 230G BIM_41688,2019-03-26,116,94,158,253,225,128,105,103,15,7
14463,41688,BIMBURGER 4P 230G BIM_41688,2019-03-26,52,33,11,157,15,150,270,96,15,6
14462,41959,BIMBOLETES GOTAS CHOCOLATE 1P 35G BIM_41959,2019-03-26,83,90,2852,244,0,85,0,0,60,0
14463,41959,BIMBOLETES GOTAS CHOCOLATE 1P 35G BIM_41959,2019-03-26,5,0,0,1260,1080,1000,1260,0,60,0
14462,41976,BIMBOLETES VAINILLA 1P 35G BIM_41976,2019-03-26,87,84,2601,180,0,77,0,0,60,0
14463,41976,BIMBOLETES VAINILLA 1P 35G BIM_41976,2019-03-26,5,0,473,1260,960,1000,720,112,60,2
14462,41978,BIRI BIRI NAVIDENO 2P 80G MLA_41978,2019-03-26,0,0,0,0,0,0,0,0,48,0
14463,41978,BIRI BIRI NAVIDENO 2P 80G MLA_41978,2019-03-26,0,0,0,0,0,0,0,0,48,0
14462,42223,MOLDE BLANCO CON ACTILECHE 580G BIM_42223,2019-03-26,170,115,237,270,270,167,100,115,10,12
14463,42223,MOLDE BLANCO CON ACTILECHE 580G BIM_42223,2019-03-26,35,38,105,50,80,0,0,0,10,0
14462,42224,MOLDE BLANCO CON ACTILECHE 600G BIM_42224,2019-03-26,0,0,0,0,0,0,0,0,10,0
14463,42224,MOLDE BLANCO CON ACTILECHE 600G BIM_42224,2019-03-26,0,0,0,0,0,0,0,0,10,0
14463,42228,MOLDE 100PCT INTEGRAL 650G BIM_42228,2019-03-26,0,0,0,0,0,0,0,0,8,0
14462,42496,PAN BLANCO 450G REY_42496,2019-03-26,0,0,0,0,0,0,0,0,10,0
14462,42513,MOLDE 100PCT INTEGRAL 600G BIM_42513,2019-03-26,114,78,104,211,272,124,48,103,8,13
14463,42513,MOLDE 100PCT INTEGRAL 600G BIM_42513,2019-03-26,46,38,53,60,88,60,80,0,8,0
14462,42517,SUPAN INTEGRAL CLASICO 500G SUP_42517,2019-03-26,166,166,1220,608,240,171,0,0,10,0
14463,42517,SUPAN INTEGRAL CLASICO 500G SUP_42517,2019-03-26,81,91,244,444,250,200,340,0,10,0
14462,42525,MEGA BIMBURGUER 4P 300G BIM_42525,2019-03-26,48,23,90,128,105,25,0,29,15,2
14463,42525,MEGA BIMBURGUER 4P 300G BIM_42525,2019-03-26,9,16,105,50,0,23,0,0,15,0
14462,42572,CAJILLA SUBMARINOS 12P 324G DPY MLA_42572,2019-03-26,415,245,1193,528,360,336,0,0,20,0
14463,42572,CAJILLA SUBMARINOS 12P 324G DPY MLA_42572,2019-03-26,200,23,224,300,300,300,0,299,20,15
14462,42574,SUBMARINOS CHOCOMORA 27G MLA_42574,2019-03-26,0,0,0,0,0,0,0,0,75,0
14463,42574,SUBMARINOS CHOCOMORA 27G MLA_42574,2019-03-26,0,0,0,0,0,0,0,0,75,0
14462,42584,BIRI BIRI HALLOWEEN 2P 80G MLA_42584,2019-03-26,0,0,0,0,0,0,0,0,48,0
14462,42609,SUBMARINOS CHOCOLATE 4P 33G MLA_42609,2019-03-26,439,317,762,792,805,343,70,254,35,7
14463,42609,SUBMARINOS CHOCOLATE 4P 33G MLA_42609,2019-03-26,123,81,512,100,0,350,0,142,35,4
14462,42619,SUBMARINOS MANJAR 4P 33G MLA_42619,2019-03-26,436,307,601,665,560,343,245,345,35,10
14463,42619,SUBMARINOS MANJAR 4P 33G MLA_42619,2019-03-26,105,69,79,292,0,350,490,247,35,7
14462,42626,SUBMARINOS VAINILLA 4P 33G MLA_42626,2019-03-26,444,312,1015,891,665,324,35,256,35,7
14463,42626,SUBMARINOS VAINILLA 4P 33G MLA_42626,2019-03-26,126,76,478,299,0,250,0,273,35,8
14462,42629,SUBMARINOS CHOCOLATE 3P 33G MLA_42629,2019-03-26,0,0,0,0,0,0,0,0,,0
14462,42794,MINI ROSQUITAS NATURALES 600G CJ SUP_42794,2019-03-26,0,0,0,0,0,0,0,0,20,0
14463,42794,MINI ROSQUITAS NATURALES 600G CJ SUP_42794,2019-03-26,0,0,0,0,0,0,0,0,20,0
14462,42804,MINI ROSQUITAS INTEGRALES 600G CJ SUP_42804,2019-03-26,0,0,0,0,0,0,0,0,20,0
14463,42804,MINI ROSQUITAS INTEGRALES 600G CJ SUP_42804,2019-03-26,0,0,0,0,0,0,0,0,20,0
14462,44945,MOLDE RENDIDOR 450G SUP_44945,2019-03-26,110,78,190,248,280,127,60,33,10,3
14463,44945,MOLDE RENDIDOR 450G SUP_44945,2019-03-26,102,44,249,60,0,0,0,0,10,0
14462,45011,RAYITA VAINILLA CHOCOLATE 25G BIM_45011,2019-03-26,0,0,0,0,0,0,0,0,72,0
14463,45011,RAYITA VAINILLA CHOCOLATE 25G BIM_45011,2019-03-26,0,0,0,0,0,0,0,0,72,0
14462,45272,MOLDE ARTESANO 500G BIM_45272,2019-03-26,296,235,157,538,567,389,450,284,9,32
14463,45272,MOLDE ARTESANO 500G BIM_45272,2019-03-26,65,57,5,60,81,100,54,142,9,16
14462,47837,MOLDE DOBLE FIBRA 650G BIM_47837,2019-03-26,0,0,0,0,0,0,0,0,8,0
14463,47837,MOLDE DOBLE FIBRA 650G BIM_47837,2019-03-26,0,0,0,0,0,0,0,0,8,0
14462,48639,PANETTONE DI MILANO 900G SUP_48639,2019-03-26,0,0,0,0,0,0,0,0,6,0
14463,48639,PANETTONE DI MILANO 900G SUP_48639,2019-03-26,0,0,0,0,0,0,0,0,6,0
14462,48640,PASCUA 900G GRI_48640,2019-03-26,0,0,0,0,0,0,0,0,12,0
14463,48640,PASCUA 900G GRI_48640,2019-03-26,0,0,0,0,0,0,0,0,12,0
14462,48644,PASCUA 450G BIM_48644,2019-03-26,0,0,0,1,0,0,0,1,6,0
14463,48644,PASCUA 450G BIM_48644,2019-03-26,0,0,0,0,0,0,0,0,6,0
14462,48645,PASCUA CHOCO 450G BIM_48645,2019-03-26,0,0,0,0,0,0,0,0,12,0
14463,48645,PASCUA CHOCO 450G BIM_48645,2019-03-26,0,0,0,0,0,0,0,0,12,0
14462,48661,PASCUA 380G REY_48661,2019-03-26,0,0,0,0,0,0,0,0,16,0
14462,48920,TORTILLINAS CLASICAS GDE 8P 320G BIM_48920,2019-03-26,81,53,89,295,162,60,126,112,18,6
14463,48920,TORTILLINAS CLASICAS GDE 8P 320G BIM_48920,2019-03-26,46,22,93,0,0,30,0,5,18,0
14462,48932,TORTILLINAS INT GDE 8P 320G BIM_48932,2019-03-26,15,11,157,51,0,3,0,0,18,0
14463,48932,TORTILLINAS INT GDE 8P 320G BIM_48932,2019-03-26,12,0,215,0,0,0,0,0,18,0
14462,48948,RAYITA VAINILLA CHOCOLATE 50G BIM_48948,2019-03-26,0,0,0,0,0,0,0,0,45,0
14463,48948,RAYITA VAINILLA CHOCOLATE 50G BIM_48948,2019-03-26,0,0,0,0,0,0,0,0,45,0
14462,49276,SUBMARINOS CHOCOMORA 2P 54G MLA_49276,2019-03-26,0,0,0,0,0,0,0,0,35,0
14463,49276,SUBMARINOS CHOCOMORA 2P 54G MLA_49276,2019-03-26,0,0,0,0,0,0,0,0,35,0
14462,500328,MINI CHOCOSO 20G BIM_500328,2019-03-26,0,0,0,0,0,0,0,0,175,0
14463,500328,MINI CHOCOSO 20G BIM_500328,2019-03-26,0,0,0,0,0,0,0,0,175,0
14462,500329,MINI BROWNIE CHOCOLATE 18G BIM_500329,2019-03-26,0,0,0,0,0,0,0,0,140,0
14463,500329,MINI BROWNIE CHOCOLATE 18G BIM_500329,2019-03-26,0,0,0,0,0,0,0,0,140,0
14462,500330,TOSTADAS INTEGRALES 10P 160G BIM_500330,2019-03-26,69,37,400,241,216,53,0,0,18,0
14463,500330,TOSTADAS INTEGRALES 10P 160G BIM_500330,2019-03-26,63,20,196,0,0,0,0,0,18,0
14462,500331,TOSTADAS NATURALES 10P 160G BIM_500331,2019-03-26,61,49,417,102,90,69,0,0,18,0
14463,500331,TOSTADAS NATURALES 10P 160G BIM_500331,2019-03-26,36,17,247,0,0,0,0,0,18,0
14462,500395,BIMBOLETES CUPCAKE 2P 86G BIM_500395,2019-03-26,0,0,0,0,0,0,0,0,36,0
14463,500395,BIMBOLETES CUPCAKE 2P 86G BIM_500395,2019-03-26,0,0,0,0,0,0,0,0,36,0
14462,500399,FUNDON SECOS AUTOVENTA 3520G GRI_500399,2019-03-26,0,0,0,0,0,0,0,0,2,0
14463,500399,FUNDON SECOS AUTOVENTA 3520G GRI_500399,2019-03-26,0,0,0,0,0,0,0,0,2,0
14462,500400,FUNDON SECOS PREVENTA 1770G GRI_500400,2019-03-26,0,0,0,0,0,0,0,0,3,0
14463,500400,FUNDON SECOS PREVENTA 1770G GRI_500400,2019-03-26,0,0,0,0,0,0,0,0,3,0
14462,500420,MOLDE MED 100PCT INT 425G BIM_500420,2019-03-26,53,40,119,105,96,52,12,23,12,2
14463,500420,MOLDE MED 100PCT INT 425G BIM_500420,2019-03-26,37,25,102,0,0,32,0,0,12,0
14462,500421,MOLDE MED DOBLE FIBRA 425G BIM_500421,2019-03-26,33,37,126,126,48,69,72,19,12,2
14463,500421,MOLDE MED DOBLE FIBRA 425G BIM_500421,2019-03-26,36,25,12,50,36,40,48,55,12,5
14462,500736,TOSTADAS FRUTICEREAL 16P 100G GRI_500736,2019-03-26,1,0,60,15,0,9,0,0,34,0
14463,500736,TOSTADAS FRUTICEREAL 16P 100G GRI_500736,2019-03-26,0,0,38,0,0,0,0,0,34,0
14462,500738,LONCHERA MARINELA 135G MLA_500738,2019-03-26,0,0,0,0,0,0,0,0,32,0
14463,500738,LONCHERA MARINELA 135G MLA_500738,2019-03-26,0,0,0,0,0,0,0,0,32,0
14462,500739,TORTILLINAS INTEG CHIA GDE 8P 320G BIM_500739,2019-03-26,20,14,219,56,0,10,0,0,18,0
14463,500739,TORTILLINAS INTEG CHIA GDE 8P 320G BIM_500739,2019-03-26,26,0,54,18,0,0,0,0,18,0
14462,500749,PACK PROMO BIRI BIRI 160G MLA_500749,2019-03-26,0,0,0,0,0,0,0,0,6,0
14462,500768,KEKE CASERO CHOCOLATE 290G BIM_500768,2019-03-26,0,0,0,0,0,0,0,0,16,0
14463,500768,KEKE CASERO CHOCOLATE 290G BIM_500768,2019-03-26,0,0,0,0,0,0,0,0,16,0
14462,500769,PAN BLANCO AASS 425G REY_500769,2019-03-26,2,0,0,5,10,1,0,0,10,0
14462,500770,DULCE AASS 336G SUP_500770,2019-03-26,0,0,0,0,0,0,0,0,9,0
14463,500770,DULCE AASS 336G SUP_500770,2019-03-26,0,0,0,0,0,0,0,0,9,0
14462,500771,DULCE TT 330G SUP_500771,2019-03-26,66,35,105,93,90,42,0,41,9,5
14463,500771,DULCE TT 330G SUP_500771,2019-03-26,0,0,36,0,0,0,0,0,9,0
14462,500773,MOLDE BLANCO MEDIANO ACTILECHE 400G BIM_500773,2019-03-26,47,34,63,61,60,61,60,20,12,2
14463,500773,MOLDE BLANCO MEDIANO ACTILECHE 400G BIM_500773,2019-03-26,34,21,212,0,0,30,0,0,12,0
14462,500774,MOLDE BLANCO MEDIANO ACTILECHE 390G BIM_500774,2019-03-26,259,185,10,339,432,260,276,325,12,27
14463,500774,MOLDE BLANCO MEDIANO ACTILECHE 390G BIM_500774,2019-03-26,12,12,7,150,192,200,168,7,12,1
14462,500781,PAN DULCE 15P 495G DPY BIM_500781,2019-03-26,0,0,0,0,0,0,0,0,8,0
14463,500781,PAN DULCE 15P 495G DPY BIM_500781,2019-03-26,0,0,0,0,0,0,0,0,8,0
14462,500790,TORTILLINAS MANTEQUILLA GDE 8P 320G BIM_500790,2019-03-26,0,0,0,0,0,0,0,0,18,0
14463,500790,TORTILLINAS MANTEQUILLA GDE 8P 320G BIM_500790,2019-03-26,0,0,0,0,0,0,0,0,18,0
14462,500799,BIRI BIRI MINIX 10P 200G DOYPACK MLA_500799,2019-03-26,31,25,341,51,30,25,0,0,15,0
14463,500799,BIRI BIRI MINIX 10P 200G DOYPACK MLA_500799,2019-03-26,4,12,0,30,30,0,0,16,15,1
14462,500887,TORTILLINAS CLASICAS 8P 200G BIM_500887,2019-03-26,172,122,195,360,351,141,108,141,27,5
14463,500887,TORTILLINAS CLASICAS 8P 200G BIM_500887,2019-03-26,14,12,0,80,162,90,0,34,27,1
14462,500920,BIRI BIRI BAM BAM 20G MLA_500920,2019-03-26,0,0,0,0,0,0,0,0,150,0
14462,500921,BIRI BIRI BAM BAM 80G MLA_500921,2019-03-26,1204,787,1796,2146,1968,1318,816,875,48,18
14463,500921,BIRI BIRI BAM BAM 80G MLA_500921,2019-03-26,850,270,1379,850,0,850,0,1441,48,30
14462,500996,MOLDE MEDIANO BRIOCHE 425G BIM_500996,2019-03-26,51,33,77,92,108,52,36,7,12,1
14463,500996,MOLDE MEDIANO BRIOCHE 425G BIM_500996,2019-03-26,21,22,0,50,96,33,36,0,12,0
14462,501175,PANETTONE DI MILANO 900G GRI_501175,2019-03-26,0,0,0,0,0,0,0,0,6,0
14463,501175,PANETTONE DI MILANO 900G GRI_501175,2019-03-26,0,0,0,0,0,0,0,0,6,0
14462,501176,PASCUA CHOCO 380G SUP_501176,2019-03-26,0,0,0,0,0,0,0,0,16,0
14463,501176,PASCUA CHOCO 380G SUP_501176,2019-03-26,0,0,0,0,0,0,0,0,16,0
14462,501177,PASCUA CHOCOARANDANOS 750G BIM_501177,2019-03-26,0,0,0,0,0,0,0,0,6,0
14463,501177,PASCUA CHOCOARANDANOS 750G BIM_501177,2019-03-26,0,0,0,0,0,0,0,0,6,0
14462,501178,DULZON CHOCOMANJAR 450G BIM_501178,2019-03-26,0,0,0,0,0,0,0,0,16,0
14463,501178,DULZON CHOCOMANJAR 450G BIM_501178,2019-03-26,0,0,0,0,0,0,0,0,16,0
14462,501179,PETIPAN CHOCOLATE 60G SUP_501179,2019-03-26,0,0,0,0,0,0,0,0,56,0
14463,501179,PETIPAN CHOCOLATE 60G SUP_501179,2019-03-26,0,0,0,0,0,0,0,0,56,0
14462,501235,PAN DULCE 12P 420G DPY BIM_501235,2019-03-26,41,0,0,76,63,51,36,69,9,8
14463,501235,PAN DULCE 12P 420G DPY BIM_501235,2019-03-26,0,0,0,0,0,0,0,0,9,0
14462,501253,TOSTADAS INTEGRALES 125G PROM 25PCM GRI_501253,2019-03-26,557,522,0,871,480,511,90,1891,30,63
14463,501253,TOSTADAS INTEGRALES 125G PROM 25PCM GRI_501253,2019-03-26,0,110,0,0,120,0,0,0,30,0
14462,501254,TOSTADAS NATURALES 125G PROM 25PCM GRI_501254,2019-03-26,593,486,1140,1090,900,570,180,519,30,17
14463,501254,TOSTADAS NATURALES 125G PROM 25PCM GRI_501254,2019-03-26,127,107,5117,0,0,200,0,0,30,0
14462,501255,TOSTADAS FRANCESAS 150G PROM 25PCM GRI_501255,2019-03-26,637,484,889,1041,840,608,420,621,30,21
14463,501255,TOSTADAS FRANCESAS 150G PROM 25PCM GRI_501255,2019-03-26,147,99,1691,100,0,1500,0,155,30,5
14462,501256,TOSTADAS DIETA 125G PROM 25PCM GRI_501256,2019-03-26,65,38,898,92,0,50,0,0,30,0
14463,501256,TOSTADAS DIETA 125G PROM 25PCM GRI_501256,2019-03-26,26,27,185,100,0,200,210,0,30,0
14462,501270,MOLDE INTEGRAL CLASICO 20R TT 480G SUP_501270,2019-03-26,646,316,252,917,600,558,530,1055,10,106
14463,501270,MOLDE INTEGRAL CLASICO 20R TT 480G SUP_501270,2019-03-26,51,54,389,500,590,600,500,0,10,0
14462,501917,TORTILLINAS MANTEQUILLA 10P 250G BIM_501917,2019-03-26,3,0,27,4,0,5,0,0,27,0
14463,501917,TORTILLINAS MANTEQUILLA 10P 250G BIM_501917,2019-03-26,0,0,0,0,0,0,0,0,27,0
